province_code,canton_code,canton_name,parish_code,name
01,01,CUENCA,50,CUENCA
01,01,CUENCA,51,BAÑOS
01,01,CUENCA,52,CUMBE
01,01,CUENCA,53,CHAUCHA
01,01,CUENCA,54,CHECA
01,01,CUENCA,55,CHIQUINTAD
01,01,CUENCA,56,LLACAO
01,01,CUENCA,57,MOLLETURO
01,01,CUENCA,58,NULTI
01,01,CUENCA,59,OCTAVIO CORDERO PALACIOS
01,01,CUENCA,60,PACCHA
01,01,CUENCA,61,QUINGEO
01,01,CUENCA,62,RICAURTE
01,01,CUENCA,63,SAN JOAQUÍN
01,01,CUENCA,64,SANTA ANA
01,01,CUENCA,65,SAYAUSÍ
01,01,CUENCA,66,SIDCAY
01,01,CUENCA,67,SININCAY
01,01,CUENCA,68,TARQUI
01,01,CUENCA,69,TURI
01,01,CUENCA,70,VALLE
01,01,CUENCA,71,VICTORIA DEL PORTETE
01,02,GIRÓN,50,GIRÓN
01,02,GIRÓN,51,LA ASUNCIÓN
01,02,GIRÓN,52,SAN GERARDO
01,03,GUALACEO,50,GUALACEO
01,03,GUALACEO,52,DANIEL CÓRDOVA TORAL
01,03,GUALACEO,53,JADÁN
01,03,GUALACEO,54,MARIANO MORENO
01,03,GUALACEO,56,REMIGIO CRESPO TORAL
01,03,GUALACEO,57,SAN JUAN
01,03,GUALACEO,58,ZHIDMAD
01,03,GUALACEO,59,LUIS CORDERO VEGA
01,03,GUALACEO,60,SIMÓN BOLÍVAR
01,04,NABÓN,50,NABÓN
01,04,NABÓN,51,COCHAPATA
01,04,NABÓN,52,EL PROGRESO
01,04,NABÓN,53,LAS NIEVES
01,05,PAUTE,50,PAUTE
01,05,PAUTE,52,BULÁN
01,05,PAUTE,53,CHICÁN
01,05,PAUTE,54,EL CABO
01,05,PAUTE,56,GUARAINAG
01,05,PAUTE,59,SAN CRISTÓBAL
01,05,PAUTE,61,TOMEBAMBA
01,05,PAUTE,62,DUG DUG
01,06,PUCARÁ,50,PUCARÁ
01,06,PUCARÁ,52,SAN RAFAEL DE SHARUG
01,07,SAN FERNANDO,50,SAN FERNANDO
01,07,SAN FERNANDO,51,CHUMBLÍN
01,08,SANTA ISABEL,50,SANTA ISABEL
01,08,SANTA ISABEL,51,ABDÓN CALDERÓN
01,08,SANTA ISABEL,52,EL CARMEN DE PIJILÍ
01,08,SANTA ISABEL,53,SHAGLLI
01,08,SANTA ISABEL,54,SAN SALVADOR DE CAÑARIBAMBA
01,09,SÍGSIG,50,SÍGSIG
01,09,SÍGSIG,51,CUCHIL
01,09,SÍGSIG,52,JIMA
01,09,SÍGSIG,53,GÜEL
01,09,SÍGSIG,54,LUDO
01,09,SÍGSIG,55,SAN BARTOLOMÉ
01,09,SÍGSIG,56,SAN JOSÉ DE RARANGA
01,10,OÑA,50,SAN FELIPE DE OÑA
01,10,OÑA,51,SUSUDEL
01,11,CHORDELEG,50,CHORDELEG
01,11,CHORDELEG,51,PRINCIPAL
01,11,CHORDELEG,52,LA UNIÓN
01,11,CHORDELEG,53,LUIS GALARZA ORELLANA
01,11,CHORDELEG,54,SAN MARTÍN DE PUZHIO
01,12,EL PAN,50,EL PAN
01,12,EL PAN,53,SAN VICENTE
01,13,SEVILLA DE ORO,50,SEVILLA DE ORO
01,13,SEVILLA DE ORO,51,AMALUZA
01,13,SEVILLA DE ORO,52,PALMAS
01,14,GUACHAPALA,50,GUACHAPALA
01,15,CAMILO PONCE ENRÍQUEZ,50,CAMILO PONCE ENRÍQUEZ
02,01,GUARANDA,50,GUARANDA
02,01,GUARANDA,51,FACUNDO VELA
02,01,GUARANDA,53,JULIO E. MORENO
02,01,GUARANDA,55,SALINAS
02,01,GUARANDA,56,SAN LORENZO
02,01,GUARANDA,57,SAN SIMÓN
02,01,GUARANDA,58,SANTA FE
02,01,GUARANDA,59,SIMIÁTUG
02,01,GUARANDA,60,SAN LUIS DE PAMBIL
02,02,CHILLANES,50,CHILLANES
02,02,CHILLANES,51,SAN JOSÉ DEL TAMBO
02,03,CHIMBO,50,SAN JOSÉ DE CHIMBO
02,03,CHIMBO,51,ASUNCIÓN
02,03,CHIMBO,53,LA MAGDALENA
02,03,CHIMBO,54,SAN SEBASTIÁN
02,03,CHIMBO,55,TELIMBELA
02,04,ECHEANDÍA,50,ECHEANDÍA
02,05,SAN MIGUEL,50,SAN MIGUEL
02,05,SAN MIGUEL,51,BALSAPAMBA
02,05,SAN MIGUEL,52,BILOVÁN
02,05,SAN MIGUEL,53,RÉGULO DE MORA
02,05,SAN MIGUEL,54,SAN PABLO
02,05,SAN MIGUEL,55,SANTIAGO
02,05,SAN MIGUEL,56,SAN VICENTE
02,06,CALUMA,50,CALUMA
02,07,LAS NAVES,50,LAS NAVES
03,01,AZOGUES,50,AZOGUES
03,01,AZOGUES,51,COJITAMBO
03,01,AZOGUES,53,GUAPÁN
03,01,AZOGUES,54,JAVIER LOYOLA
03,01,AZOGUES,55,LUIS CORDERO
03,01,AZOGUES,56,PINDILIG
03,01,AZOGUES,57,RIVERA
03,01,AZOGUES,58,SAN MIGUEL
03,01,AZOGUES,60,TADAY
03,02,BIBLIÁN,50,BIBLIÁN
03,02,BIBLIÁN,51,NAZÓN
03,02,BIBLIÁN,52,SAN FRANCISCO DE SAGEO
03,02,BIBLIÁN,53,TURUPAMBA
03,02,BIBLIÁN,54,JERUSALÉN
03,03,CAÑAR,50,CAÑAR
03,03,CAÑAR,51,CHONTAMARCA
03,03,CAÑAR,52,CHOROCOPTE
03,03,CAÑAR,53,GENERAL MORALES
03,03,CAÑAR,54,GUALLETURO
03,03,CAÑAR,55,HONORATO VÁSQUEZ
03,03,CAÑAR,56,INGAPIRCA
03,03,CAÑAR,57,JUNCAL
03,03,CAÑAR,58,SAN ANTONIO
03,03,CAÑAR,61,ZHUD
03,03,CAÑAR,62,VENTURA
03,03,CAÑAR,63,DUCUR
03,04,LA TRONCAL,50,LA TRONCAL
03,04,LA TRONCAL,51,MANUEL J. CALLE
03,04,LA TRONCAL,52,PANCHO NEGRO
03,05,EL TAMBO,50,EL TAMBO
03,06,DÉLEG,50,DÉLEG
03,06,DÉLEG,51,SOLANO
03,07,SUSCAL,50,SUSCAL
04,01,TULCÁN,50,TULCÁN
04,01,TULCÁN,51,EL CARMELO
04,01,TULCÁN,53,JULIO ANDRADE
04,01,TULCÁN,54,MALDONADO
04,01,TULCÁN,55,PIOTER
04,01,TULCÁN,56,TOBAR DONOSO
04,01,TULCÁN,57,TUFIÑO
04,01,TULCÁN,58,URBINA
04,01,TULCÁN,59,EL CHICAL
04,01,TULCÁN,61,SANTA MARTHA DE CUBA
04,02,BOLÍVAR,50,BOLÍVAR
04,02,BOLÍVAR,51,GARCÍA MORENO
04,02,BOLÍVAR,52,LOS ANDES
04,02,BOLÍVAR,53,MONTE OLIVO
04,02,BOLÍVAR,54,SAN VICENTE DE PUSIR
04,02,BOLÍVAR,55,SAN RAFAEL
04,03,ESPEJO,50,EL ÁNGEL
04,03,ESPEJO,51,EL GOALTAL
04,03,ESPEJO,52,LA LIBERTAD
04,03,ESPEJO,53,SAN ISIDRO
04,04,MIRA,50,MIRA
04,04,MIRA,51,CONCEPCIÓN
04,04,MIRA,52,JIJÓN Y CAAMAÑO
04,04,MIRA,53,JUAN MONTALVO
04,05,MONTÚFAR,50,SAN GABRIEL
04,05,MONTÚFAR,51,CRISTÓBAL COLÓN
04,05,MONTÚFAR,52,CHITÁN DE NAVARRETE
04,05,MONTÚFAR,53,FERNÁNDEZ SALVADOR
04,05,MONTÚFAR,54,LA PAZ
04,05,MONTÚFAR,55,PIARTAL
04,06,SAN PEDRO DE HUACA,50,HUACA
04,06,SAN PEDRO DE HUACA,51,MARISCAL SUCRE
05,01,LATACUNGA,50,LATACUNGA
05,01,LATACUNGA,51,ALÁQUEZ
05,01,LATACUNGA,52,BELISARIO QUEVEDO
05,01,LATACUNGA,53,GUAYTACAMA
05,01,LATACUNGA,54,JOSEGUANGO BAJO
05,01,LATACUNGA,56,MULALÓ
05,01,LATACUNGA,57,ONCE DE NOVIEMBRE
05,01,LATACUNGA,58,POALÓ
05,01,LATACUNGA,59,SAN JUAN DE PASTOCALLE
05,01,LATACUNGA,61,TANICUCHÍ
05,01,LATACUNGA,62,TOACASO
05,02,LA MANÁ,50,LA MANÁ
05,02,LA MANÁ,51,GUASAGANDA
05,02,LA MANÁ,52,PUCAYACU
05,03,PANGUA,50,EL CORAZÓN
05,03,PANGUA,51,MORASPUNGO
05,03,PANGUA,52,PINLLOPATA
05,03,PANGUA,53,RAMÓN CAMPAÑA
05,04,PUJILÍ,50,PUJILÍ
05,04,PUJILÍ,51,ANGAMARCA
05,04,PUJILÍ,53,GUANGAJE
05,04,PUJILÍ,55,LA VICTORIA
05,04,PUJILÍ,56,PILALÓ
05,04,PUJILÍ,57,TINGO
05,04,PUJILÍ,58,ZUMBAHUA
05,05,SALCEDO,50,SAN MIGUEL
05,05,SALCEDO,51,ANTONIO JOSÉ HOLGUÍN
05,05,SALCEDO,52,CUSUBAMBA
05,05,SALCEDO,53,MULALILLO
05,05,SALCEDO,54,MULLIQUINDIL
05,05,SALCEDO,55,PANSALEO
05,06,SAQUISILÍ,50,SAQUISILÍ
05,06,SAQUISILÍ,51,CANCHAGUA
05,06,SAQUISILÍ,52,CHANTILÍN
05,06,SAQUISILÍ,53,COCHAPAMBA
05,07,SIGCHOS,50,SIGCHOS
05,07,SIGCHOS,51,CHUGCHILLÁN
05,07,SIGCHOS,52,ISINLIVI
05,07,SIGCHOS,53,LAS PAMPAS
05,07,SIGCHOS,54,PALO QUEMADO
06,01,RIOBAMBA,50,RIOBAMBA
06,01,RIOBAMBA,51,CACHA
06,01,RIOBAMBA,52,CALPI
06,01,RIOBAMBA,53,CUBIJÍES
06,01,RIOBAMBA,54,FLORES
06,01,RIOBAMBA,55,LICÁN
06,01,RIOBAMBA,56,LICTO
06,01,RIOBAMBA,57,PUNGALÁ
06,01,RIOBAMBA,58,PUNÍN
06,01,RIOBAMBA,59,QUIMIAG
06,01,RIOBAMBA,60,SAN JUAN
06,01,RIOBAMBA,61,SAN LUIS
06,02,ALAUSÍ,50,ALAUSÍ
06,02,ALAUSÍ,51,ACHUPALLAS
06,02,ALAUSÍ,53,GUASUNTOS
06,02,ALAUSÍ,54,HUIGRA
06,02,ALAUSÍ,55,MULTITUD
06,02,ALAUSÍ,56,PISTISHI
06,02,ALAUSÍ,57,PUMALLACTA
06,02,ALAUSÍ,58,SEVILLA
06,02,ALAUSÍ,59,SIBAMBE
06,02,ALAUSÍ,60,TIXÁN
06,03,COLTA,50,VILLA LA UNIÓN
06,03,COLTA,51,CAÑI
06,03,COLTA,52,COLUMBE
06,03,COLTA,53,JUAN DE VELASCO
06,03,COLTA,54,SANTIAGO DE QUITO
06,04,CHAMBO,50,CHAMBO
06,05,CHUNCHI,50,CHUNCHI
06,05,CHUNCHI,51,CAPZOL
06,05,CHUNCHI,52,COMPUD
06,05,CHUNCHI,53,GONZOL
06,05,CHUNCHI,54,LLAGOS
06,06,GUAMOTE,50,GUAMOTE
06,06,GUAMOTE,51,CEBADAS
06,06,GUAMOTE,52,PALMIRA
06,07,GUANO,50,GUANO
06,07,GUANO,51,GUANANDO
06,07,GUANO,52,ILAPO
06,07,GUANO,53,LA PROVIDENCIA
06,07,GUANO,54,SAN ANDRÉS
06,07,GUANO,55,SAN GERARDO
06,07,GUANO,56,SAN ISIDRO DE PATULÚ
06,07,GUANO,57,SAN JOSÉ DEL CHAZO
06,07,GUANO,58,SANTA FÉ DE GALÁN
06,07,GUANO,59,VALPARAISO
06,08,PALLATANGA,50,PALLATANGA
06,09,PENIPE,50,PENIPE
06,09,PENIPE,51,EL ALTAR
06,09,PENIPE,52,MATUS
06,09,PENIPE,53,PUELA
06,09,PENIPE,54,SAN ANTONIO DE BAYUSHIG
06,09,PENIPE,55,LA CANDELARIA
06,09,PENIPE,56,BILBAO
06,10,CUMANDÁ,50,CUMANDÁ
07,01,MACHALA,50,MACHALA
07,01,MACHALA,52,EL RETIRO
07,02,ARENILLAS,50,ARENILLAS
07,02,ARENILLAS,51,CHACRAS
07,02,ARENILLAS,54,PALMALES
07,02,ARENILLAS,55,CARCABÓN
07,02,ARENILLAS,56,LA CUCA
07,03,ATAHUALPA,50,PACCHA
07,03,ATAHUALPA,51,AYAPAMBA
07,03,ATAHUALPA,52,CORDONCILLO
07,03,ATAHUALPA,53,MILAGRO
07,03,ATAHUALPA,54,SAN JOSÉ
07,03,ATAHUALPA,55,SAN JUAN DE CERRO AZUL
07,04,BALSAS,50,BALSAS
07,04,BALSAS,51,BELLAMARÍA
07,05,CHILLA,50,CHILLA
07,06,EL GUABO,50,EL GUABO
07,06,EL GUABO,51,BARBONES
07,06,EL GUABO,52,LA IBERIA
07,06,EL GUABO,53,TENDALES
07,06,EL GUABO,54,RÍO BONITO
07,07,HUAQUILLAS,50,HUAQUILLAS
07,08,MARCABELÍ,50,MARCABELÍ
07,08,MARCABELÍ,51,EL INGENIO
07,09,PASAJE,50,PASAJE
07,09,PASAJE,51,BUENAVISTA
07,09,PASAJE,52,CASACAY
07,09,PASAJE,53,LA PEAÑA
07,09,PASAJE,54,PROGRESO
07,09,PASAJE,55,UZHCURRUMI
07,09,PASAJE,56,CAÑAQUEMADA
07,10,PIÑAS,50,PIÑAS
07,10,PIÑAS,51,CAPIRO
07,10,PIÑAS,52,LA BOCANA
07,10,PIÑAS,53,MOROMORO
07,10,PIÑAS,54,PIEDRAS
07,10,PIÑAS,55,SAN ROQUE
07,10,PIÑAS,56,SARACAY
07,11,PORTOVELO,50,PORTOVELO
07,11,PORTOVELO,51,CURTINCAPA
07,11,PORTOVELO,52,MORALES
07,11,PORTOVELO,53,SALATÍ
07,12,SANTA ROSA,50,SANTA ROSA
07,12,SANTA ROSA,51,BELLAVISTA
07,12,SANTA ROSA,52,JAMBELÍ
07,12,SANTA ROSA,53,LA AVANZADA
07,12,SANTA ROSA,54,SAN ANTONIO
07,12,SANTA ROSA,55,TORATA
07,12,SANTA ROSA,56,VICTORIA
07,12,SANTA ROSA,57,BELLAMARÍA
07,13,ZARUMA,50,ZARUMA
07,13,ZARUMA,51,ABAÑÍN
07,13,ZARUMA,52,ARCAPAMBA
07,13,ZARUMA,53,GUANAZÁN
07,13,ZARUMA,54,GUIZHAGUIÑA
07,13,ZARUMA,55,HUERTAS
07,13,ZARUMA,56,MALVAS
07,13,ZARUMA,57,MULUNCAY GRANDE
07,13,ZARUMA,58,SINSAO
07,13,ZARUMA,59,SALVIAS
07,14,LAS LAJAS,50,LA VICTORIA
07,14,LAS LAJAS,51,LA LIBERTAD
07,14,LAS LAJAS,52,EL PARAÍSO
07,14,LAS LAJAS,53,SAN ISIDRO
08,01,ESMERALDAS,50,ESMERALDAS
08,01,ESMERALDAS,52,CAMARONES
08,01,ESMERALDAS,53,CORONEL CARLOS CONCHA TORRES
08,01,ESMERALDAS,54,CHINCA
08,01,ESMERALDAS,59,MAJUA
08,01,ESMERALDAS,63,SAN MATEO
08,01,ESMERALDAS,65,TABIAZO
08,01,ESMERALDAS,66,TACHINA
08,01,ESMERALDAS,68,VUELTA LARGA
08,02,ELOY ALFARO,50,VALDEZ
08,02,ELOY ALFARO,51,ANCHAYACU
08,02,ELOY ALFARO,52,ATAHUALPA
08,02,ELOY ALFARO,53,BORBÓN
08,02,ELOY ALFARO,54,LA TOLA
08,02,ELOY ALFARO,55,LUIS VARGAS TORRES
08,02,ELOY ALFARO,56,MALDONADO
08,02,ELOY ALFARO,57,PAMPANAL DE BOLÍVAR
08,02,ELOY ALFARO,58,SAN FRANCISCO DE ONZOLE
08,02,ELOY ALFARO,59,SANTO DOMINGO DE ONZOLE
08,02,ELOY ALFARO,60,SELVA ALEGRE
08,02,ELOY ALFARO,61,TELEMBÍ
08,02,ELOY ALFARO,62,COLÓN ELOY DEL MARÍA
08,02,ELOY ALFARO,63,SAN JOSÉ DE CAYAPAS
08,02,ELOY ALFARO,64,TIMBIRÉ
08,02,ELOY ALFARO,65,SANTA LUCÍA DE LAS PEÑAS
08,03,MUISNE,50,MUISNE
08,03,MUISNE,51,BOLÍVAR
08,03,MUISNE,52,DAULE
08,03,MUISNE,53,GALERA
08,03,MUISNE,54,QUINGUE
08,03,MUISNE,55,SÁLIMA
08,03,MUISNE,56,SAN FRANCISCO
08,03,MUISNE,57,SAN GREGORIO
08,03,MUISNE,58,SAN JOSÉ DE CHAMANGA
08,04,QUININDÉ,50,ROSA ZÁRATE
08,04,QUININDÉ,51,CUBE
08,04,QUININDÉ,52,CHURA
08,04,QUININDÉ,53,MALIMPIA
08,04,QUININDÉ,54,VICHE
08,04,QUININDÉ,55,LA UNIÓN
08,05,SAN LORENZO,50,SAN LORENZO
08,05,SAN LORENZO,51,ALTO TAMBO
08,05,SAN LORENZO,52,ANCÓN
08,05,SAN LORENZO,53,CALDERÓN
08,05,SAN LORENZO,54,CARONDELET
08,05,SAN LORENZO,55,5 DE JUNIO
08,05,SAN LORENZO,56,CONCEPCIÓN
08,05,SAN LORENZO,57,MATAJE
08,05,SAN LORENZO,58,SAN JAVIER DE CACHAVÍ
08,05,SAN LORENZO,59,SANTA RITA
08,05,SAN LORENZO,60,TAMBILLO
08,05,SAN LORENZO,61,TULULBÍ
08,05,SAN LORENZO,62,URBINA
08,06,ATACAMES,50,ATACAMES
08,06,ATACAMES,51,LA UNIÓN
08,06,ATACAMES,52,SÚA
08,06,ATACAMES,53,TONCHIGÜE
08,06,ATACAMES,54,TONSUPA
08,07,RIOVERDE,50,RIOVERDE
08,07,RIOVERDE,51,CHONTADURO
08,07,RIOVERDE,52,CHUMUNDÉ
08,07,RIOVERDE,53,LAGARTO
08,07,RIOVERDE,54,MONTALVO
08,07,RIOVERDE,55,ROCAFUERTE
09,01,GUAYAQUIL,50,GUAYAQUIL
09,01,GUAYAQUIL,52,JUAN GÓMEZ RENDÓN
09,01,GUAYAQUIL,53,MORRO
09,01,GUAYAQUIL,56,POSORJA
09,01,GUAYAQUIL,57,PUNÁ
09,01,GUAYAQUIL,58,TENGUEL
09,02,ALFREDO BAQUERIZO MORENO (JUJÁN),50,ALFREDO BAQUERIZO MORENO (JUJÁN)
09,03,BALAO,50,BALAO
09,04,BALZAR,50,BALZAR
09,05,COLIMES,50,COLIMES
09,05,COLIMES,51,SAN JACINTO
09,06,DAULE,50,DAULE
09,06,DAULE,52,JUAN BAUTISTA AGUIRRE
09,06,DAULE,53,LAUREL
09,06,DAULE,54,LIMONAL
09,06,DAULE,56,LOS LOJAS
09,07,DURÁN,50,ELOY ALFARO
09,08,EL EMPALME,50,VELASCO IBARRA
09,08,EL EMPALME,51,GUAYAS
09,08,EL EMPALME,52,EL ROSARIO
09,09,EL TRIUNFO,50,EL TRIUNFO
09,10,MILAGRO,50,MILAGRO
09,10,MILAGRO,51,CHOBO
09,10,MILAGRO,53,MARISCAL SUCRE
09,10,MILAGRO,54,ROBERTO ASTUDILLO
09,11,NARANJAL,50,NARANJAL
09,11,NARANJAL,51,JESÚS MARÍA
09,11,NARANJAL,52,SAN CARLOS
09,11,NARANJAL,53,SANTA ROSA DE FLANDES
09,11,NARANJAL,54,TAURA
09,12,NARANJITO,50,NARANJITO
09,13,PALESTINA,50,PALESTINA
09,14,PEDRO CARBO,50,PEDRO CARBO
09,14,PEDRO CARBO,51,VALLE DE LA VIRGEN
09,14,PEDRO CARBO,52,SABANILLA
09,16,SAMBORONDÓN,50,SAMBORONDÓN
09,16,SAMBORONDÓN,51,TARIFA
09,18,SANTA LUCÍA,50,SANTA LUCÍA
09,19,SALITRE,50,EL SALITRE
09,19,SALITRE,51,GENERAL VERNAZA
09,19,SALITRE,52,LA VICTORIA
09,19,SALITRE,53,JUNQUILLAL
09,20,SAN JACINTO DE YAGUACHI,50,SAN JACINTO DE YAGUACHI
09,20,SAN JACINTO DE YAGUACHI,53,GENERAL PEDRO J. MONTERO
09,20,SAN JACINTO DE YAGUACHI,55,YAGUACHI VIEJO
09,20,SAN JACINTO DE YAGUACHI,56,VIRGEN DE FÁTIMA
09,21,PLAYAS,50,GENERAL VILLAMIL
09,22,SIMÓN BOLÍVAR,50,SIMÓN BOLÍVAR
09,22,SIMÓN BOLÍVAR,51,CORONEL LORENZO DE GARAYCOA
09,23,CORONEL MARCELINO MARIDUEÑA,50,CORONEL MARCELINO MARIDUEÑA
09,24,LOMAS DE SARGENTILLO,50,LOMAS DE SARGENTILLO
09,25,NOBOL,50,NARCISA DE JESÚS
09,27,GENERAL  ANTONIO ELIZALDE,50,GENERAL ANTONIO ELIZALDE
09,28,ISIDRO AYORA,50,ISIDRO AYORA
10,01,IBARRA,50,SAN MIGUEL DE IBARRA
10,01,IBARRA,51,AMBUQUÍ
10,01,IBARRA,52,ANGOCHAGUA
10,01,IBARRA,53,LA CAROLINA
10,01,IBARRA,54,LA ESPERANZA
10,01,IBARRA,55,LITA
10,01,IBARRA,56,SALINAS
10,01,IBARRA,57,SAN ANTONIO
10,02,ANTONIO ANTE,50,ATUNTAQUI
10,02,ANTONIO ANTE,51,IMBAYA
10,02,ANTONIO ANTE,52,SAN FRANCISCO DE NATABUELA
10,02,ANTONIO ANTE,53,SAN JOSÉ DE CHALTURA
10,02,ANTONIO ANTE,54,SAN ROQUE
10,03,COTACACHI,50,COTACACHI
10,03,COTACACHI,51,APUELA
10,03,COTACACHI,52,GARCÍA MORENO
10,03,COTACACHI,53,IMANTAG
10,03,COTACACHI,54,PEÑAHERRERA
10,03,COTACACHI,55,PLAZA GUTIÉRREZ
10,03,COTACACHI,56,QUIROGA
10,03,COTACACHI,57,SEIS DE JULIO DE CUELLAJE
10,03,COTACACHI,58,VACAS GALINDO
10,04,OTAVALO,50,OTAVALO
10,04,OTAVALO,51,DR. MIGUEL EGAS CABEZAS
10,04,OTAVALO,52,EUGENIO ESPEJO
10,04,OTAVALO,53,GONZÁLEZ SUÁREZ
10,04,OTAVALO,54,PATAQUÍ
10,04,OTAVALO,55,SAN JOSÉ DE QUICHINCHE
10,04,OTAVALO,56,SAN JUAN DE ILUMÁN
10,04,OTAVALO,57,SAN PABLO
10,04,OTAVALO,58,SAN RAFAEL
10,04,OTAVALO,59,SELVA ALEGRE
10,05,PIMAMPIRO,50,PIMAMPIRO
10,05,PIMAMPIRO,51,CHUGÁ
10,05,PIMAMPIRO,52,MARIANO ACOSTA
10,05,PIMAMPIRO,53,SAN FRANCISCO DE SIGSIPAMBA
10,06,SAN MIGUEL DE URCUQUÍ,50,URCUQUÍ
10,06,SAN MIGUEL DE URCUQUÍ,51,CAHUASQUÍ
10,06,SAN MIGUEL DE URCUQUÍ,52,LA MERCED DE BUENOS AIRES
10,06,SAN MIGUEL DE URCUQUÍ,53,PABLO ARENAS
10,06,SAN MIGUEL DE URCUQUÍ,54,SAN BLAS
10,06,SAN MIGUEL DE URCUQUÍ,55,TUMBABIRO
11,01,LOJA,50,LOJA
11,01,LOJA,51,CHANTACO
11,01,LOJA,52,CHUQUIRIBAMBA
11,01,LOJA,53,EL CISNE
11,01,LOJA,54,GUALEL
11,01,LOJA,55,JIMBILLA
11,01,LOJA,56,MALACATOS
11,01,LOJA,57,SAN LUCAS
11,01,LOJA,58,SAN PEDRO DE VILCABAMBA
11,01,LOJA,59,SANTIAGO
11,01,LOJA,60,TAQUIL
11,01,LOJA,61,VILCABAMBA
11,01,LOJA,62,YANGANA
11,01,LOJA,63,QUINARA
11,02,CALVAS,50,CARIAMANGA
11,02,CALVAS,51,COLAISACA
11,02,CALVAS,52,EL LUCERO
11,02,CALVAS,53,UTUANA
11,02,CALVAS,54,SANGUILLÍN
11,03,CATAMAYO,50,CATAMAYO
11,03,CATAMAYO,51,EL TAMBO
11,03,CATAMAYO,52,GUAYQUICHUMA
11,03,CATAMAYO,53,SAN PEDRO DE LA BENDITA
11,03,CATAMAYO,54,ZAMBI
11,04,CELICA,50,CELICA
11,04,CELICA,51,CRUZPAMBA
11,04,CELICA,55,PÓZUL
11,04,CELICA,56,SABANILLA
11,04,CELICA,57,TENIENTE MAXIMILIANO RODRÍGUEZ LOAIZA
11,05,CHAGUARPAMBA,50,CHAGUARPAMBA
11,05,CHAGUARPAMBA,51,BUENAVISTA
11,05,CHAGUARPAMBA,52,EL ROSARIO
11,05,CHAGUARPAMBA,53,SANTA RUFINA
11,05,CHAGUARPAMBA,54,AMARILLOS
11,06,ESPÍNDOLA,50,AMALUZA
11,06,ESPÍNDOLA,51,BELLAVISTA
11,06,ESPÍNDOLA,52,JIMBURA
11,06,ESPÍNDOLA,53,SANTA TERESITA
11,06,ESPÍNDOLA,54,27 DE ABRIL
11,06,ESPÍNDOLA,55,EL INGENIO
11,06,ESPÍNDOLA,56,EL AIRO
11,07,GONZANAMÁ,50,GONZANAMÁ
11,07,GONZANAMÁ,51,CHANGAIMINA
11,07,GONZANAMÁ,53,NAMBACOLA
11,07,GONZANAMÁ,54,PURUNUMA
11,07,GONZANAMÁ,56,SACAPALCA
11,08,MACARÁ,50,MACARÁ
11,08,MACARÁ,51,LARAMA
11,08,MACARÁ,52,LA VICTORIA
11,08,MACARÁ,53,SABIANGO
11,09,PALTAS,50,CATACOCHA
11,09,PALTAS,51,CANGONAMÁ
11,09,PALTAS,52,GUACHANAMÁ
11,09,PALTAS,54,LAURO GUERRERO
11,09,PALTAS,56,ORIANGA
11,09,PALTAS,57,SAN ANTONIO
11,09,PALTAS,58,CASANGA
11,09,PALTAS,59,YAMANA
11,10,PUYANGO,50,ALAMOR
11,10,PUYANGO,51,CIANO
11,10,PUYANGO,52,EL ARENAL
11,10,PUYANGO,53,EL LIMO
11,10,PUYANGO,54,MERCADILLO
11,10,PUYANGO,55,VICENTINO
11,11,SARAGURO,50,SARAGURO
11,11,SARAGURO,51,EL PARAÍSO DE CELEN
11,11,SARAGURO,52,EL TABLÓN
11,11,SARAGURO,53,LLUZHAPA
11,11,SARAGURO,54,MANÚ
11,11,SARAGURO,55,SAN ANTONIO DE QUMBE
11,11,SARAGURO,56,SAN PABLO DE TENTA
11,11,SARAGURO,57,SAN SEBASTIÁN DE YÚLUC
11,11,SARAGURO,58,SELVA ALEGRE
11,11,SARAGURO,59,URDANETA
11,11,SARAGURO,60,SUMAYPAMBA
11,12,SOZORANGA,50,SOZORANGA
11,12,SOZORANGA,51,NUEVA FÁTIMA
11,12,SOZORANGA,52,TACAMOROS
11,13,ZAPOTILLO,50,ZAPOTILLO
11,13,ZAPOTILLO,51,MANGAHURCO
11,13,ZAPOTILLO,52,GARZAREAL
11,13,ZAPOTILLO,53,LIMONES
11,13,ZAPOTILLO,54,PALETILLAS
11,13,ZAPOTILLO,55,BOLASPAMBA
11,13,ZAPOTILLO,56,CAZADEROS
11,14,PINDAL,50,PINDAL
11,14,PINDAL,51,CHAQUINAL
11,14,PINDAL,52,12 DE DICIEMBRE
11,14,PINDAL,53,MILAGROS
11,15,QUILANGA,50,QUILANGA
11,15,QUILANGA,51,FUNDOCHAMBA
11,15,QUILANGA,52,SAN ANTONIO DE LAS ARADAS
11,16,OLMEDO,50,OLMEDO
11,16,OLMEDO,51,LA TINGUE
12,01,BABAHOYO,50,BABAHOYO
12,01,BABAHOYO,52,CARACOL
12,01,BABAHOYO,53,FEBRES CORDERO
12,01,BABAHOYO,54,PIMOCHA
12,01,BABAHOYO,55,LA UNIÓN
12,02,BABA,50,BABA
12,02,BABA,51,GUARE
12,02,BABA,52,ISLA DE BEJUCAL
12,03,MONTALVO,50,MONTALVO
12,03,MONTALVO,51,LA ESMERALDA
12,04,PUEBLOVIEJO,50,PUEBLOVIEJO
12,04,PUEBLOVIEJO,51,PUERTO PECHICHE
12,04,PUEBLOVIEJO,52,SAN JUAN
12,05,QUEVEDO,50,QUEVEDO
12,05,QUEVEDO,53,SAN CARLOS
12,05,QUEVEDO,55,LA ESPERANZA
12,06,URDANETA,50,CATARAMA
12,06,URDANETA,51,RICAURTE
12,07,VENTANAS,50,VENTANAS
12,07,VENTANAS,52,ZAPOTAL
12,07,VENTANAS,53,CHACARITA
12,07,VENTANAS,54,LOS ÁNGELES
12,08,VINCES,50,VINCES
12,08,VINCES,51,ANTONIO SOTOMAYOR
12,09,PALENQUE,50,PALENQUE
12,10,BUENA FE,50,SAN JACINTO DE BUENA FE
12,10,BUENA FE,51,PATRICIA PILAR
12,11,VALENCIA,50,VALENCIA
12,12,MOCACHE,50,MOCACHE
12,13,QUINSALOMA,50,QUINSALOMA
13,01,PORTOVIEJO,50,PORTOVIEJO
13,01,PORTOVIEJO,51,ABDÓN CALDERÓN
13,01,PORTOVIEJO,52,ALHAJUELA
13,01,PORTOVIEJO,53,CRUCITA
13,01,PORTOVIEJO,54,PUEBLO NUEVO
13,01,PORTOVIEJO,55,RIOCHICO
13,01,PORTOVIEJO,56,SAN PLÁCIDO
13,01,PORTOVIEJO,57,CHIRIJOS
13,02,BOLÍVAR,50,CALCETA
13,02,BOLÍVAR,51,MEMBRILLO
13,02,BOLÍVAR,52,QUIROGA
13,03,CHONE,50,CHONE
13,03,CHONE,51,BOYACÁ
13,03,CHONE,52,CANUTO
13,03,CHONE,53,CONVENTO
13,03,CHONE,54,CHIBUNGA
13,03,CHONE,55,ELOY ALFARO
13,03,CHONE,56,RICAURTE
13,03,CHONE,57,SAN ANTONIO
13,04,EL CARMEN,50,EL CARMEN
13,04,EL CARMEN,51,WILFRIDO LOOR MOREIRA
13,04,EL CARMEN,52,SAN PEDRO DE SUMA
13,04,EL CARMEN,53,SANTA MARÍA
13,04,EL CARMEN,54,EL PARAÍSO LA 14
13,05,FLAVIO ALFARO,50,FLAVIO ALFARO
13,05,FLAVIO ALFARO,51,SAN FRANCISCO DE NOVILLO
13,05,FLAVIO ALFARO,52,ZAPALLO
13,06,JIPIJAPA,50,JIPIJAPA
13,06,JIPIJAPA,51,AMÉRICA
13,06,JIPIJAPA,52,EL ANEGADO
13,06,JIPIJAPA,53,JULCUY
13,06,JIPIJAPA,54,LA UNIÓN
13,06,JIPIJAPA,56,MEMBRILLAL
13,06,JIPIJAPA,57,PEDRO PABLO GÓMEZ
13,06,JIPIJAPA,58,PUERTO CAYO
13,07,JUNÍN,50,JUNÍN
13,08,MANTA,50,MANTA
13,08,MANTA,51,SAN LORENZO
13,08,MANTA,52,SANTA MARIANITA
13,09,MONTECRISTI,50,MONTECRISTI
13,09,MONTECRISTI,52,LA PILA
13,10,PAJÁN,50,PAJÁN
13,10,PAJÁN,51,CAMPOZANO
13,10,PAJÁN,52,CASCOL
13,10,PAJÁN,53,GUALE
13,10,PAJÁN,54,LASCANO
13,11,PICHINCHA,50,PICHINCHA
13,11,PICHINCHA,51,BARRAGANETE
13,11,PICHINCHA,52,SAN SEBASTIÁN
13,12,ROCAFUERTE,50,ROCAFUERTE
13,12,ROCAFUERTE,51,SOSOTE
13,13,SANTA ANA,50,SANTA ANA DE VUELTA LARGA
13,13,SANTA ANA,51,AYACUCHO
13,13,SANTA ANA,52,HONORATO VÁSQUEZ
13,13,SANTA ANA,53,LA UNIÓN
13,13,SANTA ANA,55,SAN PABLO
13,14,SUCRE,50,BAHÍA DE CARÁQUEZ
13,14,SUCRE,53,CHARAPOTÓ
13,14,SUCRE,57,SAN ISIDRO
13,15,TOSAGUA,50,TOSAGUA
13,15,TOSAGUA,51,BACHILLERO
13,15,TOSAGUA,52,ÁNGEL PEDRO GILER
13,16,24 DE MAYO,50,SUCRE
13,16,24 DE MAYO,51,BELLAVISTA
13,16,24 DE MAYO,52,NOBOA
13,16,24 DE MAYO,53,ARQUITECTO SIXTO DURÁN BALLÉN
13,17,PEDERNALES,50,PEDERNALES
13,17,PEDERNALES,51,COJIMÍES
13,17,PEDERNALES,52,DIEZ DE AGOSTO
13,17,PEDERNALES,53,ATAHUALPA
13,18,OLMEDO,50,OLMEDO
13,19,PUERTO LÓPEZ,50,PUERTO LÓPEZ
13,19,PUERTO LÓPEZ,51,MACHALILLA
13,19,PUERTO LÓPEZ,52,SALANGO
13,20,JAMA,50,JAMA
13,21,JARAMIJÓ,50,JARAMIJÓ
13,22,SAN VICENTE,50,SAN VICENTE
13,22,SAN VICENTE,51,CANOA
14,01,MORONA,50,MACAS
14,01,MORONA,51,ALSHI
14,01,MORONA,53,GENERAL PROAÑO
14,01,MORONA,56,SAN ISIDRO
14,01,MORONA,58,SINAÍ
14,01,MORONA,60,ZUÑA
14,01,MORONA,62,CUCHAENTZA
14,01,MORONA,64,RÍO BLANCO
14,02,GUALAQUIZA,50,GUALAQUIZA
14,02,GUALAQUIZA,51,AMAZONAS
14,02,GUALAQUIZA,52,BERMEJOS
14,02,GUALAQUIZA,53,BOMBOÍZA
14,02,GUALAQUIZA,54,CHIGÜINDA
14,02,GUALAQUIZA,55,EL ROSARIO
14,02,GUALAQUIZA,56,NUEVA TARQUI
14,02,GUALAQUIZA,57,SAN MIGUEL DE CUYES
14,02,GUALAQUIZA,58,EL IDEAL
14,03,LIMÓN INDANZA,50,GENERAL LEONIDAS PLAZA GUTIÉRREZ
14,03,LIMÓN INDANZA,51,INDANZA
14,03,LIMÓN INDANZA,53,SAN ANTONIO
14,03,LIMÓN INDANZA,56,SAN MIGUEL DE CONCHAY
14,03,LIMÓN INDANZA,57,SANTA SUSANA DE CHIVIAZA
14,03,LIMÓN INDANZA,58,YUNGANZA
14,04,PALORA,50,PALORA
14,04,PALORA,51,ARAPICOS
14,04,PALORA,52,CUMANDÁ
14,04,PALORA,54,SANGAY
14,04,PALORA,55,16 DE AGOSTO
14,05,SANTIAGO,50,SANTIAGO DE MÉNDEZ
14,05,SANTIAGO,51,COPAL
14,05,SANTIAGO,52,CHUPIANZA
14,05,SANTIAGO,53,PATUCA
14,05,SANTIAGO,54,SAN LUIS DE EL ACHO
14,05,SANTIAGO,56,TAYUZA
14,05,SANTIAGO,57,SAN FRANCISCO DE CHINIMBIMI
14,06,SUCÚA,50,SUCÚA
14,06,SUCÚA,51,ASUNCIÓN
14,06,SUCÚA,52,HUAMBI
14,06,SUCÚA,55,SANTA MARIANITA DE JESÚS
14,07,HUAMBOYA,50,HUAMBOYA
14,07,HUAMBOYA,51,CHIGUAZA
14,08,SAN JUAN BOSCO,50,SAN JUAN BOSCO
14,08,SAN JUAN BOSCO,51,PAN DE AZÚCAR
14,08,SAN JUAN BOSCO,52,SAN CARLOS DE LIMÓN
14,08,SAN JUAN BOSCO,53,SAN JACINTO DE WAKAMBEIS
14,08,SAN JUAN BOSCO,54,SANTIAGO DE PANANZA
14,09,TAISHA,50,TAISHA
14,09,TAISHA,51,HUASAGA
14,09,TAISHA,52,MACUMA
14,09,TAISHA,53,TUUTINENTSA
14,09,TAISHA,54,PUMPUENTSA
14,10,LOGROÑO,50,LOGROÑO
14,10,LOGROÑO,51,YAUPI
14,10,LOGROÑO,52,SHIMPIS
14,11,PABLO SEXTO,50,PABLO SEXTO
14,12,TIWINTZA,50,SANTIAGO
14,12,TIWINTZA,51,SAN JOSÉ DE MORONA
14,13,SEVILLA DON BOSCO,50,SEVILLA DON BOSCO
15,01,TENA,50,TENA
15,01,TENA,51,AHUANO
15,01,TENA,53,CHONTAPUNTA
15,01,TENA,54,PANO
15,01,TENA,55,PUERTO MISAHUALLÍ
15,01,TENA,56,PUERTO NAPO
15,01,TENA,57,TÁLAG
15,01,TENA,58,SAN JUAN DE MUYUNA
15,03,ARCHIDONA,50,ARCHIDONA
15,03,ARCHIDONA,52,COTUNDO
15,03,ARCHIDONA,54,SAN PABLO DE USHPAYACU
15,03,ARCHIDONA,56,HATUN SUMAKU
15,04,EL CHACO,50,EL CHACO
15,04,EL CHACO,51,GONZALO DÍAZ DE PINEDA
15,04,EL CHACO,52,LINARES
15,04,EL CHACO,53,OYACACHI
15,04,EL CHACO,54,SANTA ROSA
15,04,EL CHACO,55,SARDINAS
15,07,QUIJOS,50,BAEZA
15,07,QUIJOS,51,COSANGA
15,07,QUIJOS,52,CUYUJA
15,07,QUIJOS,53,PAPALLACTA
15,07,QUIJOS,54,SAN FRANCISCO DE BORJA
15,07,QUIJOS,56,SUMACO
15,09,CARLOS JULIO AROSEMENA TOLA,50,CARLOS JULIO AROSEMENA TOLA
16,01,PASTAZA,50,PUYO
16,01,PASTAZA,52,CANELOS
16,01,PASTAZA,54,DIEZ DE AGOSTO
16,01,PASTAZA,55,FÁTIMA
16,01,PASTAZA,56,MONTALVO
16,01,PASTAZA,57,POMONA
16,01,PASTAZA,58,RÍO CORRIENTES
16,01,PASTAZA,59,RÍO TIGRE
16,01,PASTAZA,61,SARAYACU
16,01,PASTAZA,62,SIMÓN BOLÍVAR
16,01,PASTAZA,63,TARQUI
16,01,PASTAZA,64,TENIENTE HUGO ORTIZ
16,01,PASTAZA,65,VERACRUZ
16,01,PASTAZA,66,EL TRIUNFO
16,02,MERA,50,MERA
16,02,MERA,51,MADRE TIERRA
16,02,MERA,52,SHELL
16,03,SANTA CLARA,50,SANTA CLARA
16,03,SANTA CLARA,51,SAN JOSÉ
16,04,ARAJUNO,50,ARAJUNO
16,04,ARAJUNO,51,CURARAY
17,01,DISTRITO METROPOLITANO DE QUITO,50,QUITO
17,01,DISTRITO METROPOLITANO DE QUITO,51,ALANGASÍ
17,01,DISTRITO METROPOLITANO DE QUITO,52,AMAGUAÑA
17,01,DISTRITO METROPOLITANO DE QUITO,53,ATAHUALPA
17,01,DISTRITO METROPOLITANO DE QUITO,54,CALACALÍ
17,01,DISTRITO METROPOLITANO DE QUITO,55,CALDERÓN
17,01,DISTRITO METROPOLITANO DE QUITO,56,CONOCOTO
17,01,DISTRITO METROPOLITANO DE QUITO,57,CUMBAYÁ
17,01,DISTRITO METROPOLITANO DE QUITO,58,CHAVEZPAMBA
17,01,DISTRITO METROPOLITANO DE QUITO,59,CHECA
17,01,DISTRITO METROPOLITANO DE QUITO,60,EL QUINCHE
17,01,DISTRITO METROPOLITANO DE QUITO,61,GUALEA
17,01,DISTRITO METROPOLITANO DE QUITO,62,GUANGOPOLO
17,01,DISTRITO METROPOLITANO DE QUITO,63,GUAYLLABAMBA
17,01,DISTRITO METROPOLITANO DE QUITO,64,LA MERCED
17,01,DISTRITO METROPOLITANO DE QUITO,65,LLANO CHICO
17,01,DISTRITO METROPOLITANO DE QUITO,66,LLOA
17,01,DISTRITO METROPOLITANO DE QUITO,68,NANEGAL
17,01,DISTRITO METROPOLITANO DE QUITO,69,NANEGALITO
17,01,DISTRITO METROPOLITANO DE QUITO,70,NAYÓN
17,01,DISTRITO METROPOLITANO DE QUITO,71,NONO
17,01,DISTRITO METROPOLITANO DE QUITO,72,PACTO
17,01,DISTRITO METROPOLITANO DE QUITO,74,PERUCHO
17,01,DISTRITO METROPOLITANO DE QUITO,75,PIFO
17,01,DISTRITO METROPOLITANO DE QUITO,76,PÍNTAG
17,01,DISTRITO METROPOLITANO DE QUITO,77,POMASQUI
17,01,DISTRITO METROPOLITANO DE QUITO,78,PUÉLLARO
17,01,DISTRITO METROPOLITANO DE QUITO,79,PUEMBO
17,01,DISTRITO METROPOLITANO DE QUITO,80,SAN ANTONIO
17,01,DISTRITO METROPOLITANO DE QUITO,81,SAN JOSÉ DE MINAS
17,01,DISTRITO METROPOLITANO DE QUITO,83,TABABELA
17,01,DISTRITO METROPOLITANO DE QUITO,84,TUMBACO
17,01,DISTRITO METROPOLITANO DE QUITO,85,YARUQUÍ
17,01,DISTRITO METROPOLITANO DE QUITO,86,ZÁMBIZA
17,02,CAYAMBE,50,CAYAMBE
17,02,CAYAMBE,51,ASCÁZUBI
17,02,CAYAMBE,52,CANGAHUA
17,02,CAYAMBE,53,OLMEDO
17,02,CAYAMBE,54,OTÓN
17,02,CAYAMBE,55,SANTA ROSA DE CUZUBAMBA
17,02,CAYAMBE,56,SAN JOSÉ DE AYORA
17,02,CAYAMBE,57,JUAN MONTALVO
17,03,MEJÍA,50,MACHACHI
17,03,MEJÍA,51,ALOAG
17,03,MEJÍA,52,ALOASÍ
17,03,MEJÍA,53,CUTUGLAHUA
17,03,MEJÍA,54,EL CHAUPI
17,03,MEJÍA,55,MANUEL CORNEJO ASTORGA
17,03,MEJÍA,56,TAMBILLO
17,03,MEJÍA,57,UYUMBICHO
17,04,PEDRO MONCAYO,50,TABACUNDO
17,04,PEDRO MONCAYO,51,LA ESPERANZA
17,04,PEDRO MONCAYO,52,MALCHINGUÍ
17,04,PEDRO MONCAYO,53,TOCACHI
17,04,PEDRO MONCAYO,54,TUPIGACHI
17,05,RUMIÑAHUI,50,SANGOLQUÍ
17,05,RUMIÑAHUI,51,COTOGCHOA
17,05,RUMIÑAHUI,52,RUMIPAMBA
17,07,SAN MIGUEL DE LOS BANCOS,50,SAN MIGUEL DE LOS BANCOS
17,07,SAN MIGUEL DE LOS BANCOS,51,MINDO
17,08,PEDRO VICENTE MALDONADO,50,PEDRO VICENTE MALDONADO
17,09,PUERTO QUITO,50,PUERTO QUITO
18,01,AMBATO,50,AMBATO
18,01,AMBATO,51,AMBATILLO
18,01,AMBATO,52,ATAHUALPA
18,01,AMBATO,53,AUGUSTO N. MARTÍNEZ
18,01,AMBATO,54,CONSTANTINO FERNÁNDEZ
18,01,AMBATO,55,HUACHI GRANDE
18,01,AMBATO,56,IZAMBA
18,01,AMBATO,57,JUAN BENIGNO VELA
18,01,AMBATO,58,MONTALVO
18,01,AMBATO,59,PASA
18,01,AMBATO,60,PICAIHUA
18,01,AMBATO,61,PILAGÜÍN
18,01,AMBATO,62,QUISAPINCHA
18,01,AMBATO,63,SAN BARTOLOMÉ DE PINLLO
18,01,AMBATO,64,SAN FERNANDO
18,01,AMBATO,65,SANTA ROSA
18,01,AMBATO,66,TOTORAS
18,01,AMBATO,67,CUNCHIBAMBA
18,01,AMBATO,68,UNAMUNCHO
18,02,BAÑOS DE AGUA SANTA,50,BAÑOS
18,02,BAÑOS DE AGUA SANTA,51,LLIGUA
18,02,BAÑOS DE AGUA SANTA,52,RÍO NEGRO
18,02,BAÑOS DE AGUA SANTA,53,RÍO VERDE
18,02,BAÑOS DE AGUA SANTA,54,ULBA
18,03,CEVALLOS,50,CEVALLOS
18,04,MOCHA,50,MOCHA
18,04,MOCHA,51,PINGUILÍ
18,05,PATATE,50,PATATE
18,05,PATATE,51,EL TRIUNFO
18,05,PATATE,52,LOS ANDES
18,05,PATATE,53,SUCRE
18,06,QUERO,50,QUERO
18,06,QUERO,51,RUMIPAMBA
18,06,QUERO,52,YANAYACU MOCHAPATA
18,07,SAN PEDRO DE PELILEO,50,PELILEO
18,07,SAN PEDRO DE PELILEO,51,BENÍTEZ
18,07,SAN PEDRO DE PELILEO,52,BOLÍVAR
18,07,SAN PEDRO DE PELILEO,53,COTALÓ
18,07,SAN PEDRO DE PELILEO,54,CHIQUICHA
18,07,SAN PEDRO DE PELILEO,55,EL ROSARIO
18,07,SAN PEDRO DE PELILEO,56,GARCÍA MORENO
18,07,SAN PEDRO DE PELILEO,57,GUAMBALÓ
18,07,SAN PEDRO DE PELILEO,58,SALASACA
18,08,SANTIAGO DE PÍLLARO,50,PÍLLARO
18,08,SANTIAGO DE PÍLLARO,51,BAQUERIZO MORENO
18,08,SANTIAGO DE PÍLLARO,52,EMILIO MARÍA TERÁN
18,08,SANTIAGO DE PÍLLARO,53,MARCOS ESPINEL
18,08,SANTIAGO DE PÍLLARO,54,PRESIDENTE URBINA
18,08,SANTIAGO DE PÍLLARO,55,SAN ANDRÉS
18,08,SANTIAGO DE PÍLLARO,56,SAN JOSÉ DE POALÓ
18,08,SANTIAGO DE PÍLLARO,57,SAN MIGUELITO
18,09,TISALEO,50,TISALEO
18,09,TISALEO,51,QUINCHICOTO
19,01,ZAMORA,50,ZAMORA
19,01,ZAMORA,51,CUMBARATZA
19,01,ZAMORA,52,GUADALUPE
19,01,ZAMORA,53,IMBANA
19,01,ZAMORA,55,SABANILLA
19,01,ZAMORA,56,TIMBARA
19,01,ZAMORA,58,SAN CARLOS DE LAS MINAS
19,02,CHINCHIPE,50,ZUMBA
19,02,CHINCHIPE,51,CHITO
19,02,CHINCHIPE,52,EL CHORRO
19,02,CHINCHIPE,54,LA CHONTA
19,02,CHINCHIPE,56,PUCAPAMBA
19,02,CHINCHIPE,59,SAN ANDRÉS
19,03,NANGARITZA,50,GUAYZIMI
19,03,NANGARITZA,51,ZURMI
19,03,NANGARITZA,52,NUEVO PARAÍSO
19,03,NANGARITZA,53,NANKAIS
19,04,YACUAMBI,50,28 DE MAYO
19,04,YACUAMBI,51,LA PAZ
19,04,YACUAMBI,52,TUTUPALI
19,05,YANTZAZA,50,YANTZAZA
19,05,YANTZAZA,51,CHICAÑA
19,05,YANTZAZA,53,LOS ENCUENTROS
19,06,EL PANGUI,50,EL PANGUI
19,06,EL PANGUI,51,EL GUISME
19,06,EL PANGUI,52,PACHICUTZA
19,06,EL PANGUI,53,TUNDAYME
19,07,CENTINELA DEL CÓNDOR,50,ZUMBI
19,07,CENTINELA DEL CÓNDOR,52,TRIUNFO DORADO
19,07,CENTINELA DEL CÓNDOR,53,PANGUINTZA
19,08,PALANDA,50,PALANDA
19,08,PALANDA,51,EL PORVENIR DEL CARMEN
19,08,PALANDA,52,SAN FRANCISCO DEL VERGEL
19,08,PALANDA,53,VALLADOLID
19,08,PALANDA,54,LA CANELA
19,09,PAQUISHA,50,PAQUISHA
19,09,PAQUISHA,51,BELLAVISTA
19,09,PAQUISHA,52,NUEVO QUITO
20,01,SAN CRISTÓBAL,50,PUERTO BAQUERIZO MORENO
20,01,SAN CRISTÓBAL,51,EL PROGRESO
20,01,SAN CRISTÓBAL,52,ISLA SANTA MARÍA FLOREANA
20,02,ISABELA,50,PUERTO VILLAMIL
20,02,ISABELA,51,TOMÁS DE BERLANGA
20,03,SANTA CRUZ,50,PUERTO AYORA
20,03,SANTA CRUZ,51,BELLA VISTA
20,03,SANTA CRUZ,52,SANTA ROSA
21,01,LAGO AGRIO,50,NUEVA LOJA
21,01,LAGO AGRIO,52,DURENO
21,01,LAGO AGRIO,53,GENERAL FARFÁN
21,01,LAGO AGRIO,55,EL ENO
21,01,LAGO AGRIO,56,PACAYACU
21,01,LAGO AGRIO,57,JAMBELÍ
21,01,LAGO AGRIO,58,SANTA CECILIA
21,01,LAGO AGRIO,60,10 DE AGOSTO
21,02,GONZALO PIZARRO,50,LUMBAQUÍ
21,02,GONZALO PIZARRO,51,EL REVENTADOR
21,02,GONZALO PIZARRO,52,GONZALO PIZARRO
21,02,GONZALO PIZARRO,54,PUERTO LIBRE
21,03,PUTUMAYO,50,PUERTO EL CARMEN DE PUTUMAYO
21,03,PUTUMAYO,51,PALMA ROJA
21,03,PUTUMAYO,52,PUERTO BOLÍVAR
21,03,PUTUMAYO,53,PUERTO RODRÍGUEZ
21,03,PUTUMAYO,54,SANTA ELENA
21,03,PUTUMAYO,55,SANSAHUARI
21,04,SHUSHUFINDI,50,SHUSHUFINDI
21,04,SHUSHUFINDI,51,LIMONCOCHA
21,04,SHUSHUFINDI,52,PAÑACOCHA
21,04,SHUSHUFINDI,53,SAN ROQUE
21,04,SHUSHUFINDI,54,SAN PEDRO DE LOS COFÁNES
21,04,SHUSHUFINDI,55,SIETE DE JULIO
21,04,SHUSHUFINDI,56,LA MAGDALENA
21,04,SHUSHUFINDI,57,LA PRIMAVERA
21,05,SUCUMBÍOS,50,LA BONITA
21,05,SUCUMBÍOS,51,EL PLAYÓN DE SAN FRANCISCO
21,05,SUCUMBÍOS,52,LA SOFÍA
21,05,SUCUMBÍOS,53,ROSA FLORIDA
21,05,SUCUMBÍOS,54,SANTA BÁRBARA
21,06,CASCALES,50,EL DORADO DE CASCALES
21,06,CASCALES,51,SANTA ROSA DE SUCUMBÍOS
21,06,CASCALES,52,SEVILLA
21,06,CASCALES,53,NUEVA TRONCAL
21,07,CUYABENO,50,TARAPOA
21,07,CUYABENO,51,CUYABENO
21,07,CUYABENO,52,AGUAS NEGRAS
22,01,FRANCISCO DE ORELLANA,50,EL COCA
22,01,FRANCISCO DE ORELLANA,51,DAYUMA
22,01,FRANCISCO DE ORELLANA,52,TARACOA
22,01,FRANCISCO DE ORELLANA,53,ALEJANDRO LABAKA
22,01,FRANCISCO DE ORELLANA,54,EL DORADO
22,01,FRANCISCO DE ORELLANA,55,EL EDÉN
22,01,FRANCISCO DE ORELLANA,56,GARCÍA MORENO
22,01,FRANCISCO DE ORELLANA,57,INÉS ARANGO
22,01,FRANCISCO DE ORELLANA,58,LA BELLEZA
22,01,FRANCISCO DE ORELLANA,59,NUEVO PARAÍSO
22,01,FRANCISCO DE ORELLANA,60,SAN JOSÉ DE GUAYUSA
22,01,FRANCISCO DE ORELLANA,61,SAN LUIS DE ARMENIA
22,02,AGUARICO,50,NUEVO ROCAFUERTE
22,02,AGUARICO,51,CAPITÁN AUGUSTO RIVADENEYRA
22,02,AGUARICO,52,CONONACO
22,02,AGUARICO,53,SANTA MARÍA DE HUIRIRIMA
22,02,AGUARICO,55,YASUNÍ
22,03,LA JOYA DE LOS SACHAS,50,LA JOYA DE LOS SACHAS
22,03,LA JOYA DE LOS SACHAS,51,ENOKANQUI
22,03,LA JOYA DE LOS SACHAS,52,POMPEYA
22,03,LA JOYA DE LOS SACHAS,53,SAN CARLOS
22,03,LA JOYA DE LOS SACHAS,54,SAN SEBASTIÁN DEL COCA
22,03,LA JOYA DE LOS SACHAS,55,LAGO SAN PEDRO
22,03,LA JOYA DE LOS SACHAS,56,RUMIPAMBA
22,03,LA JOYA DE LOS SACHAS,57,TRES DE NOVIEMBRE
22,03,LA JOYA DE LOS SACHAS,58,UNIÓN MILAGREÑA
22,04,LORETO,50,LORETO
22,04,LORETO,51,ÁVILA
22,04,LORETO,52,PUERTO MURIALDO
22,04,LORETO,53,SAN JOSÉ DE PAYAMINO
22,04,LORETO,54,SAN JOSÉ DE DAHUANO
22,04,LORETO,55,SAN VICENTE DE HUATICOCHA
23,01,SANTO DOMINGO,50,SANTO DOMINGO DE LOS COLORADOS
23,01,SANTO DOMINGO,51,ALLURIQUÍN
23,01,SANTO DOMINGO,52,PUERTO LIMÓN
23,01,SANTO DOMINGO,53,LUZ DE AMÉRICA
23,01,SANTO DOMINGO,54,SAN JACINTO DEL BÚA
23,01,SANTO DOMINGO,55,VALLE HERMOSO
23,01,SANTO DOMINGO,56,EL ESFUERZO
23,01,SANTO DOMINGO,57,SANTA MARÍA DEL TOACHI
23,02,LA CONCORDIA,50,LA CONCORDIA
23,02,LA CONCORDIA,51,MONTERREY
23,02,LA CONCORDIA,52,LA VILLEGAS
23,02,LA CONCORDIA,53,PLAN PILOTO
24,01,SANTA ELENA,50,SANTA ELENA
24,01,SANTA ELENA,51,ATAHUALPA
24,01,SANTA ELENA,52,COLONCHE
24,01,SANTA ELENA,53,CHANDUY
24,01,SANTA ELENA,54,MANGLARALTO
24,01,SANTA ELENA,55,SIMÓN BOLÍVAR
24,01,SANTA ELENA,56,SAN JOSÉ DE ANCÓN
24,02,LA LIBERTAD,50,LA LIBERTAD
24,03,SALINAS,50,SALINAS
24,03,SALINAS,51,ANCONCITO
24,03,SALINAS,52,JOSÉ LUIS TAMAYO
